,Termin,"Dzień, godzina",Przedmiot,Typ,Nauczyciel,Sala
0,2026-02-23,Pn 11:30 - 13:00 (2g.),Foreign Language I,lektorat,,Wybierz swoją grupę językową
1,2026-02-23,Pn 13:15 - 15:45 (3g.),Computer Programming 2,ćwiczenia,dr Katarzyna Wójcik,"Paw.A 013 lab. Win10, Office21"
2,2026-02-23,Pn 13:15 - 15:45 (3g.),CS gr 1,CS gr 1,CS gr 1,CS gr 1
3,2026-02-23,Pn 18:30 - 20:00 (2g.),,lektorat,,Wybierz swoją grupę językową
4,2026-02-24,Wt 09:45 - 11:15 (2g.),Probability and Statistics,wykład,prof. dr hab. Andrzej Sokołowski,Paw.F 008
5,2026-02-24,Wt 11:30 - 13:00 (2g.),Foreign Language I,lektorat,,Wybierz swoją grupę językową
6,2026-02-24,Wt 13:15 - 14:45 (2g.),Probability and Statistics,ćwiczenia,prof. dr hab. Andrzej Sokołowski,"Paw.A 07 lab. Win7, Office21"
7,2026-02-24,Wt 13:15 - 14:45 (2g.),CS gr 1,CS gr 1,CS gr 1,CS gr 1
8,2026-02-24,Wt 15:00 - 16:30 (2g.),Discrete mathematics,wykład,dr Grzegorz Kosiorowski,Rakowicka 16 sala 11
9,2026-02-24,Wt 18:30 - 20:00 (2g.),Business Law,wykład,dr Jacek Lachner,Rakowicka 16 sala 11
10,2026-02-25,Śr 11:30 - 13:00 (2g.),Foreign Language I,lektorat,,Wybierz swoją grupę językową
11,2026-02-26,Cz 08:00 - 09:30 (2g.),Operating Systems and Computer Networks,wykład,prof. UEK dr hab. Joanna Wyrobek,Paw.F 008
12,2026-02-26,Cz 09:45 - 11:15 (2g.),Information Systems,Przeniesienie zajęć,dr Agnieszka Niklewicz,
13,2026-02-26,Cz 09:45 - 11:15 (2g.),CS gr 1 Zajęcia przeniesione na 17.03.2026r.,CS gr 1 Zajęcia przeniesione na 17.03.2026r.,CS gr 1 Zajęcia przeniesione na 17.03.2026r.,CS gr 1 Zajęcia przeniesione na 17.03.2026r.
14,2026-02-26,Cz 11:30 - 13:00 (2g.),Foreign Language I,lektorat,,Wybierz swoją grupę językową
15,2026-02-26,Cz 15:00 - 16:30 (2g.),Operating Systems and Computer Networks,ćwiczenia,prof. UEK dr hab. Joanna Wyrobek,"Paw.A 07 lab. Win7, Office21"
16,2026-02-26,Cz 15:00 - 16:30 (2g.),CS gr 1,CS gr 1,CS gr 1,CS gr 1
17,2026-03-02,Pn 09:45 - 11:15 (2g.),Computer Programming 2,wykład,dr Katarzyna Wójcik,Paw.F 008
18,2026-03-02,Pn 11:30 - 13:00 (2g.),Foreign Language I,lektorat,,Wybierz swoją grupę językową
19,2026-03-02,Pn 13:15 - 15:45 (3g.),Computer Programming 2,ćwiczenia,dr Katarzyna Wójcik,"Paw.A 013 lab. Win10, Office21"
20,2026-03-02,Pn 13:15 - 15:45 (3g.),CS gr 1,CS gr 1,CS gr 1,CS gr 1
21,2026-03-02,Pn 18:30 - 20:00 (2g.),,lektorat,,Wybierz swoją grupę językową
22,2026-03-03,Wt 09:45 - 11:15 (2g.),Probability and Statistics,wykład,prof. dr hab. Andrzej Sokołowski,Paw.F 008
23,2026-03-03,Wt 11:30 - 13:00 (2g.),Foreign Language I,lektorat,,Wybierz swoją grupę językową
24,2026-03-03,Wt 15:00 - 16:30 (2g.),Discrete mathematics,wykład,dr Grzegorz Kosiorowski,Paw.C sala D
25,2026-03-03,Wt 18:30 - 20:00 (2g.),Business Law,wykład,dr Jacek Lachner,Rakowicka 16 sala 11
26,2026-03-04,Śr 11:30 - 13:00 (2g.),Foreign Language I,lektorat,,Wybierz swoją grupę językową
27,2026-03-04,Śr 13:15 - 14:45 (2g.),Information Systems,wykład,prof. UEK dr hab. Mariusz Grabowski,Paw.F 008
28,2026-03-05,Cz 11:30 - 14:45 (4g.),,rezerwacja,,
29,2026-03-05,Cz 11:30 - 14:45 (4g.),11.30 - 14.45 Targi Pracy,11.30 - 14.45 Targi Pracy,11.30 - 14.45 Targi Pracy,11.30 - 14.45 Targi Pracy
30,2026-03-05,Cz 15:00 - 16:30 (2g.),Operating Systems and Computer Networks,ćwiczenia,prof. UEK dr hab. Joanna Wyrobek,"Paw.A 07 lab. Win7, Office21"
31,2026-03-05,Cz 15:00 - 16:30 (2g.),CS gr 1,CS gr 1,CS gr 1,CS gr 1
32,2026-03-09,Pn 11:30 - 13:00 (2g.),Foreign Language I,lektorat,,Wybierz swoją grupę językową
33,2026-03-09,Pn 13:15 - 15:45 (3g.),Computer Programming 2,ćwiczenia,dr Katarzyna Wójcik,"Paw.A 013 lab. Win10, Office21"
34,2026-03-09,Pn 13:15 - 15:45 (3g.),CS gr 1,CS gr 1,CS gr 1,CS gr 1
35,2026-03-09,Pn 18:30 - 20:00 (2g.),,lektorat,,Wybierz swoją grupę językową
36,2026-03-10,Wt 09:45 - 11:15 (2g.),Probability and Statistics,wykład,prof. dr hab. Andrzej Sokołowski,Paw.F 008
37,2026-03-10,Wt 11:30 - 13:00 (2g.),Foreign Language I,lektorat,,Wybierz swoją grupę językową
38,2026-03-10,Wt 13:15 - 14:45 (2g.),Probability and Statistics,ćwiczenia,prof. dr hab. Andrzej Sokołowski,"Paw.A 07 lab. Win7, Office21"
39,2026-03-10,Wt 13:15 - 14:45 (2g.),CS gr 1,CS gr 1,CS gr 1,CS gr 1
40,2026-03-10,Wt 15:00 - 16:30 (2g.),Discrete mathematics,wykład,dr Grzegorz Kosiorowski,Rakowicka 16 sala 11
41,2026-03-10,Wt 18:30 - 20:00 (2g.),Business Law,wykład,dr Jacek Lachner,Rakowicka 16 sala 11
42,2026-03-11,Śr 11:30 - 13:00 (2g.),Foreign Language I,lektorat,,Wybierz swoją grupę językową
43,2026-03-12,Cz 08:00 - 09:30 (2g.),Operating Systems and Computer Networks,wykład,prof. UEK dr hab. Joanna Wyrobek,Paw.F 008
44,2026-03-12,Cz 09:45 - 11:15 (2g.),Information Systems,Przeniesienie zajęć,dr Agnieszka Niklewicz,
45,2026-03-12,Cz 09:45 - 11:15 (2g.),CS gr 1 Zajęcia przeniesione na 16.04.2026r.,CS gr 1 Zajęcia przeniesione na 16.04.2026r.,CS gr 1 Zajęcia przeniesione na 16.04.2026r.,CS gr 1 Zajęcia przeniesione na 16.04.2026r.
46,2026-03-12,Cz 11:30 - 13:00 (2g.),Foreign Language I,lektorat,,Wybierz swoją grupę językową
47,2026-03-12,Cz 15:00 - 16:30 (2g.),Operating Systems and Computer Networks,ćwiczenia,prof. UEK dr hab. Joanna Wyrobek,"Paw.A 07 lab. Win7, Office21"
48,2026-03-12,Cz 15:00 - 16:30 (2g.),CS gr 1,CS gr 1,CS gr 1,CS gr 1
49,2026-03-16,Pn 09:45 - 11:15 (2g.),Computer Programming 2,wykład,dr Katarzyna Wójcik,Paw.F 008
50,2026-03-16,Pn 11:30 - 13:00 (2g.),Foreign Language I,lektorat,,Wybierz swoją grupę językową
51,2026-03-16,Pn 13:15 - 15:45 (3g.),Computer Programming 2,ćwiczenia,dr Katarzyna Wójcik,"Paw.A 013 lab. Win10, Office21"
52,2026-03-16,Pn 13:15 - 15:45 (3g.),CS gr 1,CS gr 1,CS gr 1,CS gr 1
53,2026-03-16,Pn 18:30 - 20:00 (2g.),,lektorat,,Wybierz swoją grupę językową
54,2026-03-17,Wt 09:45 - 11:15 (2g.),Probability and Statistics,wykład,prof. dr hab. Andrzej Sokołowski,Paw.F 008
55,2026-03-17,Wt 11:30 - 13:00 (2g.),Foreign Language I,lektorat,,Wybierz swoją grupę językową
56,2026-03-17,Wt 15:00 - 16:30 (2g.),Information Systems,Przeniesienie zajęć,dr Agnieszka Niklewicz,
57,2026-03-17,Wt 15:00 - 16:30 (2g.),CS gr 1 Zajęcia przeniesione na 19.03.2026r.,CS gr 1 Zajęcia przeniesione na 19.03.2026r.,CS gr 1 Zajęcia przeniesione na 19.03.2026r.,CS gr 1 Zajęcia przeniesione na 19.03.2026r.
58,2026-03-17,Wt 18:30 - 20:00 (2g.),Business Law,wykład,dr Jacek Lachner,Rakowicka 16 sala 11
59,2026-03-18,Śr 11:30 - 13:00 (2g.),Foreign Language I,lektorat,,Wybierz swoją grupę językową
60,2026-03-18,Śr 13:15 - 14:45 (2g.),Information Systems,wykład,prof. UEK dr hab. Mariusz Grabowski,Paw.F 008
61,2026-03-18,Śr 15:00 - 16:30 (2g.),Discrete mathematics,ćwiczenia,dr Igor Sikora,Paw.U sala N
62,2026-03-18,Śr 15:00 - 16:30 (2g.),CS gr 1,CS gr 1,CS gr 1,CS gr 1
63,2026-03-19,Cz 11:30 - 13:00 (2g.),Foreign Language I,lektorat,,Wybierz swoją grupę językową
64,2026-03-19,Cz 15:00 - 16:30 (2g.),Operating Systems and Computer Networks,ćwiczenia,prof. UEK dr hab. Joanna Wyrobek,"Paw.A 07 lab. Win7, Office21"
65,2026-03-19,Cz 15:00 - 16:30 (2g.),CS gr 1,CS gr 1,CS gr 1,CS gr 1
66,2026-03-19,Cz 16:45 - 18:15 (2g.),Information Systems,ćwiczenia,mgr inż. Justyna Olczak,Bibl.425
67,2026-03-19,Cz 16:45 - 18:15 (2g.),CS gr 1,CS gr 1,CS gr 1,CS gr 1
68,2026-03-23,Pn 11:30 - 13:00 (2g.),Foreign Language I,lektorat,,Wybierz swoją grupę językową
69,2026-03-23,Pn 13:15 - 15:45 (3g.),Computer Programming 2,ćwiczenia,dr Katarzyna Wójcik,"Paw.A 013 lab. Win10, Office21"
70,2026-03-23,Pn 13:15 - 15:45 (3g.),CS gr 1,CS gr 1,CS gr 1,CS gr 1
71,2026-03-23,Pn 18:30 - 20:00 (2g.),,lektorat,,Wybierz swoją grupę językową
72,2026-03-24,Wt 09:45 - 11:15 (2g.),Probability and Statistics,wykład,prof. dr hab. Andrzej Sokołowski,Paw.F 008
73,2026-03-24,Wt 11:30 - 13:00 (2g.),Foreign Language I,lektorat,,Wybierz swoją grupę językową
74,2026-03-24,Wt 13:15 - 14:45 (2g.),Probability and Statistics,ćwiczenia,prof. dr hab. Andrzej Sokołowski,"Paw.A 07 lab. Win7, Office21"
75,2026-03-24,Wt 13:15 - 14:45 (2g.),CS gr 1,CS gr 1,CS gr 1,CS gr 1
76,2026-03-24,Wt 15:00 - 16:30 (2g.),Discrete mathematics,wykład,dr Grzegorz Kosiorowski,Rakowicka 16 sala 11
77,2026-03-24,Wt 18:30 - 20:00 (2g.),Business Law,wykład,dr Jacek Lachner,Rakowicka 16 sala 11
78,2026-03-25,Śr 09:45 - 13:00 (4g.),,rezerwacja,,
79,2026-03-25,Śr 09:45 - 13:00 (4g.),9.45 - 13.00 Dzień otwarty dla kandydatów na studia,9.45 - 13.00 Dzień otwarty dla kandydatów na studia,9.45 - 13.00 Dzień otwarty dla kandydatów na studia,9.45 - 13.00 Dzień otwarty dla kandydatów na studia
80,2026-03-25,Śr 15:00 - 16:30 (2g.),Discrete mathematics,ćwiczenia,dr Igor Sikora,Paw.U sala N
81,2026-03-25,Śr 15:00 - 16:30 (2g.),CS gr 1,CS gr 1,CS gr 1,CS gr 1
82,2026-03-26,Cz 08:00 - 09:30 (2g.),Operating Systems and Computer Networks,wykład,prof. UEK dr hab. Joanna Wyrobek,Paw.F 008
83,2026-03-26,Cz 09:45 - 11:15 (2g.),Information Systems,Przeniesienie zajęć,dr Agnieszka Niklewicz,
84,2026-03-26,Cz 09:45 - 11:15 (2g.),CS gr 1 Zajęcia przeniesione na 14.05.2026r.,CS gr 1 Zajęcia przeniesione na 14.05.2026r.,CS gr 1 Zajęcia przeniesione na 14.05.2026r.,CS gr 1 Zajęcia przeniesione na 14.05.2026r.
85,2026-03-26,Cz 11:30 - 16:30 (6g.),,rezerwacja,,
86,2026-03-26,Cz 11:30 - 16:30 (6g.),11.30 - 16.30 Dzień otwarty dla kandydatów na studia,11.30 - 16.30 Dzień otwarty dla kandydatów na studia,11.30 - 16.30 Dzień otwarty dla kandydatów na studia,11.30 - 16.30 Dzień otwarty dla kandydatów na studia
87,2026-03-30,Pn 09:45 - 11:15 (2g.),Computer Programming 2,wykład,dr Katarzyna Wójcik,Paw.F 008
88,2026-03-30,Pn 11:30 - 13:00 (2g.),Foreign Language I,lektorat,,Wybierz swoją grupę językową
89,2026-03-30,Pn 13:15 - 15:45 (3g.),Computer Programming 2,ćwiczenia,dr Katarzyna Wójcik,"Paw.A 013 lab. Win10, Office21"
90,2026-03-30,Pn 13:15 - 15:45 (3g.),CS gr 1,CS gr 1,CS gr 1,CS gr 1
91,2026-03-30,Pn 18:30 - 20:00 (2g.),,lektorat,,Wybierz swoją grupę językową
92,2026-03-31,Wt 09:45 - 11:15 (2g.),Probability and Statistics,wykład,prof. dr hab. Andrzej Sokołowski,Paw.F 008
93,2026-03-31,Wt 11:30 - 13:00 (2g.),Foreign Language I,lektorat,,Wybierz swoją grupę językową
94,2026-03-31,Wt 18:30 - 20:00 (2g.),Business Law,wykład,dr Jacek Lachner,Rakowicka 16 sala 11
95,2026-04-01,Śr 11:30 - 13:00 (2g.),Foreign Language I,lektorat,,Wybierz swoją grupę językową
96,2026-04-01,Śr 13:15 - 14:45 (2g.),Information Systems,wykład,prof. UEK dr hab. Mariusz Grabowski,Paw.F 008
97,2026-04-01,Śr 15:00 - 16:30 (2g.),Discrete mathematics,ćwiczenia,dr Igor Sikora,Paw.U sala N
98,2026-04-01,Śr 15:00 - 16:30 (2g.),CS gr 1,CS gr 1,CS gr 1,CS gr 1
99,2026-04-08,Śr 11:30 - 13:00 (2g.),Foreign Language I,lektorat,,Wybierz swoją grupę językową
100,2026-04-08,Śr 15:00 - 16:30 (2g.),Discrete mathematics,ćwiczenia,dr Igor Sikora,Paw.U sala N
101,2026-04-08,Śr 15:00 - 16:30 (2g.),CS gr 1,CS gr 1,CS gr 1,CS gr 1
102,2026-04-09,Cz 08:00 - 09:30 (2g.),Operating Systems and Computer Networks,Przeniesienie zajęć,prof. UEK dr hab. Joanna Wyrobek,
103,2026-04-09,Cz 08:00 - 09:30 (2g.),na 16.04.,na 16.04.,na 16.04.,na 16.04.
104,2026-04-09,Cz 09:45 - 11:15 (2g.),Information Systems,Przeniesienie zajęć,dr Agnieszka Niklewicz,
105,2026-04-09,Cz 09:45 - 11:15 (2g.),CS gr 1 Zajęcia przeniesione na godz. 16:45,CS gr 1 Zajęcia przeniesione na godz. 16:45,CS gr 1 Zajęcia przeniesione na godz. 16:45,CS gr 1 Zajęcia przeniesione na godz. 16:45
106,2026-04-09,Cz 11:30 - 13:00 (2g.),Foreign Language I,lektorat,,Wybierz swoją grupę językową
107,2026-04-09,Cz 15:00 - 16:30 (2g.),Operating Systems and Computer Networks,ćwiczenia,prof. UEK dr hab. Joanna Wyrobek,"Paw.A 07 lab. Win7, Office21"
108,2026-04-09,Cz 15:00 - 16:30 (2g.),CS gr 1,CS gr 1,CS gr 1,CS gr 1
109,2026-04-09,Cz 16:45 - 18:15 (2g.),Information Systems,ćwiczenia,mgr inż. Justyna Olczak,Bibl.425
110,2026-04-09,Cz 16:45 - 18:15 (2g.),CS gr 1,CS gr 1,CS gr 1,CS gr 1
111,2026-04-13,Pn 09:45 - 11:15 (2g.),Computer Programming 2,wykład,dr Katarzyna Wójcik,Paw.F 008
112,2026-04-13,Pn 11:30 - 13:00 (2g.),Foreign Language I,lektorat,,Wybierz swoją grupę językową
113,2026-04-13,Pn 13:15 - 15:45 (3g.),Computer Programming 2,ćwiczenia,dr Katarzyna Wójcik,"Paw.A 013 lab. Win10, Office21"
114,2026-04-13,Pn 13:15 - 15:45 (3g.),CS gr 1,CS gr 1,CS gr 1,CS gr 1
115,2026-04-13,Pn 18:30 - 20:00 (2g.),,lektorat,,Wybierz swoją grupę językową
116,2026-04-14,Wt 09:45 - 11:15 (2g.),Probability and Statistics,Przeniesienie zajęć,prof. dr hab. Andrzej Sokołowski,
117,2026-04-14,Wt 09:45 - 11:15 (2g.),na 29.04.,na 29.04.,na 29.04.,na 29.04.
118,2026-04-14,Wt 11:30 - 13:00 (2g.),Foreign Language I,lektorat,,Wybierz swoją grupę językową
119,2026-04-14,Wt 18:30 - 20:00 (2g.),Business Law,wykład,dr Jacek Lachner,Rakowicka 16 sala 11
120,2026-04-15,Śr 11:30 - 13:00 (2g.),Foreign Language I,lektorat,,Wybierz swoją grupę językową
121,2026-04-15,Śr 13:15 - 14:45 (2g.),Information Systems,wykład,prof. UEK dr hab. Mariusz Grabowski,Paw.F 008
122,2026-04-15,Śr 15:00 - 16:30 (2g.),Discrete mathematics,ćwiczenia,dr Igor Sikora,Paw.U sala N
123,2026-04-15,Śr 15:00 - 16:30 (2g.),CS gr 1,CS gr 1,CS gr 1,CS gr 1
124,2026-04-16,Cz 08:00 - 09:30 (2g.),Operating Systems and Computer Networks,wykład,prof. UEK dr hab. Joanna Wyrobek,Paw.F 106
125,2026-04-16,Cz 11:30 - 13:00 (2g.),Foreign Language I,lektorat,,Wybierz swoją grupę językową
126,2026-04-16,Cz 15:00 - 16:30 (2g.),Operating Systems and Computer Networks,ćwiczenia,prof. UEK dr hab. Joanna Wyrobek,"Paw.A 07 lab. Win7, Office21"
127,2026-04-16,Cz 15:00 - 16:30 (2g.),CS gr 1,CS gr 1,CS gr 1,CS gr 1
128,2026-04-16,Cz 16:45 - 18:15 (2g.),Information Systems,ćwiczenia,mgr inż. Justyna Olczak,Bibl.425
129,2026-04-16,Cz 16:45 - 18:15 (2g.),CS gr 1,CS gr 1,CS gr 1,CS gr 1
130,2026-04-20,Pn 11:30 - 13:00 (2g.),Foreign Language I,lektorat,,Wybierz swoją grupę językową
131,2026-04-20,Pn 13:15 - 15:45 (3g.),Computer Programming 2,ćwiczenia,dr Katarzyna Wójcik,"Paw.A 013 lab. Win10, Office21"
132,2026-04-20,Pn 13:15 - 15:45 (3g.),CS gr 1,CS gr 1,CS gr 1,CS gr 1
133,2026-04-20,Pn 18:30 - 20:00 (2g.),,lektorat,,Wybierz swoją grupę językową
134,2026-04-21,Wt 09:45 - 11:15 (2g.),Probability and Statistics,wykład,prof. dr hab. Andrzej Sokołowski,Paw.F 008
135,2026-04-21,Wt 11:30 - 13:00 (2g.),Foreign Language I,lektorat,,Wybierz swoją grupę językową
136,2026-04-21,Wt 13:15 - 14:45 (2g.),Probability and Statistics,ćwiczenia,prof. dr hab. Andrzej Sokołowski,"Paw.A 07 lab. Win7, Office21"
137,2026-04-21,Wt 13:15 - 14:45 (2g.),CS gr 1,CS gr 1,CS gr 1,CS gr 1
138,2026-04-21,Wt 15:00 - 16:30 (2g.),Discrete mathematics,wykład,dr Grzegorz Kosiorowski,Rakowicka 16 sala 11
139,2026-04-21,Wt 18:30 - 20:00 (2g.),Business Law,wykład,dr Jacek Lachner,Rakowicka 16 sala 11
140,2026-04-22,Śr 11:30 - 13:00 (2g.),Foreign Language I,lektorat,,Wybierz swoją grupę językową
141,2026-04-22,Śr 15:00 - 16:30 (2g.),Discrete mathematics,ćwiczenia,dr Igor Sikora,Paw.U sala N
142,2026-04-22,Śr 15:00 - 16:30 (2g.),CS gr 1,CS gr 1,CS gr 1,CS gr 1
143,2026-04-23,Cz 08:00 - 09:30 (2g.),Operating Systems and Computer Networks,wykład,prof. UEK dr hab. Joanna Wyrobek,Paw.F 008
144,2026-04-23,Cz 09:45 - 11:15 (2g.),Information Systems,Przeniesienie zajęć,dr Agnieszka Niklewicz,
145,2026-04-23,Cz 09:45 - 11:15 (2g.),CS gr 1 Zajęcia przeniesione na godz. 16:45,CS gr 1 Zajęcia przeniesione na godz. 16:45,CS gr 1 Zajęcia przeniesione na godz. 16:45,CS gr 1 Zajęcia przeniesione na godz. 16:45
146,2026-04-23,Cz 11:30 - 13:00 (2g.),Foreign Language I,lektorat,,Wybierz swoją grupę językową
147,2026-04-23,Cz 15:00 - 16:30 (2g.),Operating Systems and Computer Networks,ćwiczenia,prof. UEK dr hab. Joanna Wyrobek,"Paw.A 07 lab. Win7, Office21"
148,2026-04-23,Cz 15:00 - 16:30 (2g.),CS gr 1,CS gr 1,CS gr 1,CS gr 1
149,2026-04-23,Cz 16:45 - 18:15 (2g.),Information Systems,Przeniesienie zajęć,mgr inż. Justyna Olczak,
150,2026-04-27,Pn 09:45 - 11:15 (2g.),Computer Programming 2,Przeniesienie zajęć,dr Katarzyna Wójcik,
151,2026-04-27,Pn 09:45 - 11:15 (2g.),Zajęcia przeniesione na 04.05.2026r.,Zajęcia przeniesione na 04.05.2026r.,Zajęcia przeniesione na 04.05.2026r.,Zajęcia przeniesione na 04.05.2026r.
152,2026-04-27,Pn 11:30 - 13:00 (2g.),Foreign Language I,lektorat,,Wybierz swoją grupę językową
153,2026-04-27,Pn 13:15 - 15:45 (3g.),Computer Programming 2,Przeniesienie zajęć,dr Katarzyna Wójcik,
154,2026-04-27,Pn 13:15 - 15:45 (3g.),Zajęcia przeniesione na 15.05.2026r.,Zajęcia przeniesione na 15.05.2026r.,Zajęcia przeniesione na 15.05.2026r.,Zajęcia przeniesione na 15.05.2026r.
155,2026-04-27,Pn 18:30 - 20:00 (2g.),,lektorat,,Wybierz swoją grupę językową
156,2026-04-28,Wt 09:45 - 11:15 (2g.),Probability and Statistics,wykład,prof. dr hab. Andrzej Sokołowski,Paw.F 008
157,2026-04-28,Wt 11:30 - 13:00 (2g.),Foreign Language I,lektorat,,Wybierz swoją grupę językową
158,2026-04-28,Wt 18:30 - 20:00 (2g.),Business Law,wykład,dr Jacek Lachner,Rakowicka 16 sala 11
159,2026-04-29,Śr 08:00 - 09:30 (2g.),Probability and Statistics,wykład,prof. dr hab. Andrzej Sokołowski,Paw.F 008
160,2026-04-29,Śr 11:30 - 13:00 (2g.),Foreign Language I,lektorat,,Wybierz swoją grupę językową
161,2026-04-29,Śr 13:15 - 14:45 (2g.),Information Systems,wykład,prof. UEK dr hab. Mariusz Grabowski,Paw.F 008
162,2026-04-29,Śr 15:00 - 16:30 (2g.),Discrete mathematics,ćwiczenia,dr Igor Sikora,Paw.U sala N
163,2026-04-29,Śr 15:00 - 16:30 (2g.),CS gr 1,CS gr 1,CS gr 1,CS gr 1
164,2026-04-30,Cz 11:30 - 13:00 (2g.),Foreign Language I,lektorat,,Wybierz swoją grupę językową
165,2026-04-30,Cz 13:15 - 14:45 (2g.),Discrete mathematics,ćwiczenia,dr Igor Sikora,link do zajęć
166,2026-04-30,Cz 13:15 - 14:45 (2g.),CS gr 1,CS gr 1,CS gr 1,CS gr 1
167,2026-04-30,Cz 15:00 - 16:30 (2g.),Operating Systems and Computer Networks,ćwiczenia,prof. UEK dr hab. Joanna Wyrobek,link do zajęć
168,2026-04-30,Cz 15:00 - 16:30 (2g.),CS gr 1,CS gr 1,CS gr 1,CS gr 1
169,2026-05-04,Pn 09:45 - 11:15 (2g.),Computer Programming 2,wykład,dr Katarzyna Wójcik,Paw.F 008
170,2026-05-04,Pn 11:30 - 13:00 (2g.),Foreign Language I,lektorat,,Wybierz swoją grupę językową
171,2026-05-04,Pn 13:15 - 15:45 (3g.),Computer Programming 2,ćwiczenia,dr Katarzyna Wójcik,"Paw.A 013 lab. Win10, Office21"
172,2026-05-04,Pn 13:15 - 15:45 (3g.),CS gr 1,CS gr 1,CS gr 1,CS gr 1
173,2026-05-04,Pn 18:30 - 20:00 (2g.),,lektorat,,Wybierz swoją grupę językową
174,2026-05-05,Wt 09:45 - 11:15 (2g.),Probability and Statistics,wykład,prof. dr hab. Andrzej Sokołowski,Paw.F 008
175,2026-05-05,Wt 11:30 - 13:00 (2g.),Foreign Language I,lektorat,,Wybierz swoją grupę językową
176,2026-05-05,Wt 13:15 - 14:45 (2g.),Probability and Statistics,Przeniesienie zajęć,prof. dr hab. Andrzej Sokołowski,
177,2026-05-05,Wt 13:15 - 14:45 (2g.),Zajęcia przeniesione na 06.05.2026r.,Zajęcia przeniesione na 06.05.2026r.,Zajęcia przeniesione na 06.05.2026r.,Zajęcia przeniesione na 06.05.2026r.
178,2026-05-05,Wt 15:00 - 16:30 (2g.),Discrete mathematics,wykład,dr Grzegorz Kosiorowski,Rakowicka 16 sala 11
179,2026-05-05,Wt 18:30 - 20:00 (2g.),Business Law,wykład,dr Jacek Lachner,Rakowicka 16 sala 11
180,2026-05-06,Śr 08:00 - 09:30 (2g.),Probability and Statistics,ćwiczenia,prof. dr hab. Andrzej Sokołowski,"Paw.A 118 lab. Win10, Office21"
181,2026-05-06,Śr 08:00 - 09:30 (2g.),CS gr 1,CS gr 1,CS gr 1,CS gr 1
182,2026-05-06,Śr 11:30 - 13:00 (2g.),Foreign Language I,lektorat,,Wybierz swoją grupę językową
183,2026-05-06,Śr 15:00 - 16:30 (2g.),Discrete mathematics,ćwiczenia,dr Igor Sikora,Paw.U sala N
184,2026-05-06,Śr 15:00 - 16:30 (2g.),CS gr 1,CS gr 1,CS gr 1,CS gr 1
185,2026-05-07,Cz 08:00 - 09:30 (2g.),Operating Systems and Computer Networks,wykład,prof. UEK dr hab. Joanna Wyrobek,link do zajęć
186,2026-05-07,Cz 09:45 - 11:15 (2g.),Information Systems,Przeniesienie zajęć,dr Agnieszka Niklewicz,
187,2026-05-07,Cz 09:45 - 11:15 (2g.),CS gr 1 Zajęcia przeniesione na godz. 16:45,CS gr 1 Zajęcia przeniesione na godz. 16:45,CS gr 1 Zajęcia przeniesione na godz. 16:45,CS gr 1 Zajęcia przeniesione na godz. 16:45
188,2026-05-07,Cz 11:30 - 13:00 (2g.),Foreign Language I,lektorat,,Wybierz swoją grupę językową
189,2026-05-07,Cz 15:00 - 16:30 (2g.),Operating Systems and Computer Networks,ćwiczenia,prof. UEK dr hab. Joanna Wyrobek,"Paw.A 07 lab. Win7, Office21"
190,2026-05-07,Cz 15:00 - 16:30 (2g.),CS gr 1,CS gr 1,CS gr 1,CS gr 1
191,2026-05-07,Cz 16:45 - 18:15 (2g.),Information Systems,ćwiczenia,mgr inż. Justyna Olczak,Bibl.425
192,2026-05-07,Cz 16:45 - 18:15 (2g.),CS gr 1,CS gr 1,CS gr 1,CS gr 1
193,2026-05-11,Pn 09:45 - 11:15 (2g.),Computer Programming 2,wykład,dr Katarzyna Wójcik,Paw.F 008
194,2026-05-11,Pn 11:30 - 13:00 (2g.),Foreign Language I,lektorat,,Wybierz swoją grupę językową
195,2026-05-11,Pn 13:15 - 15:45 (3g.),Computer Programming 2,ćwiczenia,dr Katarzyna Wójcik,"Paw.A 013 lab. Win10, Office21"
196,2026-05-11,Pn 13:15 - 15:45 (3g.),CS gr 1,CS gr 1,CS gr 1,CS gr 1
197,2026-05-11,Pn 18:30 - 20:00 (2g.),,lektorat,,Wybierz swoją grupę językową
198,2026-05-12,Wt 09:45 - 11:15 (2g.),Probability and Statistics,Przeniesienie zajęć,prof. dr hab. Andrzej Sokołowski,
199,2026-05-12,Wt 09:45 - 11:15 (2g.),Zajęcia przeniesione na 02.06.2026r.,Zajęcia przeniesione na 02.06.2026r.,Zajęcia przeniesione na 02.06.2026r.,Zajęcia przeniesione na 02.06.2026r.
200,2026-05-12,Wt 11:30 - 13:00 (2g.),Foreign Language I,lektorat,,Wybierz swoją grupę językową
201,2026-05-12,Wt 18:30 - 20:00 (2g.),Business Law,wykład,dr Jacek Lachner,Rakowicka 16 sala 11
202,2026-05-13,Śr 11:30 - 13:00 (2g.),Foreign Language I,lektorat,,Wybierz swoją grupę językową
203,2026-05-13,Śr 13:15 - 14:45 (2g.),Information Systems,wykład,prof. UEK dr hab. Mariusz Grabowski,Paw.F 008
204,2026-05-13,Śr 15:00 - 16:30 (2g.),Discrete mathematics,ćwiczenia,dr Igor Sikora,Paw.U sala N
205,2026-05-13,Śr 15:00 - 16:30 (2g.),CS gr 1,CS gr 1,CS gr 1,CS gr 1
206,2026-05-14,Cz 11:30 - 13:00 (2g.),Foreign Language I,lektorat,,Wybierz swoją grupę językową
207,2026-05-14,Cz 13:15 - 14:45 (2g.),Discrete mathematics,ćwiczenia,dr Igor Sikora,Paw.B 058 (KSB)
208,2026-05-14,Cz 13:15 - 14:45 (2g.),CS gr 1,CS gr 1,CS gr 1,CS gr 1
209,2026-05-14,Cz 15:00 - 16:30 (2g.),Operating Systems and Computer Networks,ćwiczenia,prof. UEK dr hab. Joanna Wyrobek,"Paw.A 07 lab. Win7, Office21"
210,2026-05-14,Cz 15:00 - 16:30 (2g.),CS gr 1,CS gr 1,CS gr 1,CS gr 1
211,2026-05-14,Cz 16:45 - 18:15 (2g.),Information Systems,ćwiczenia,mgr inż. Justyna Olczak,Bibl.425
212,2026-05-14,Cz 16:45 - 18:15 (2g.),CS gr 1,CS gr 1,CS gr 1,CS gr 1
213,2026-05-15,Pt 09:45 - 12:15 (3g.),Computer Programming 2,ćwiczenia zdalne,dr Katarzyna Wójcik,link do zajęć
214,2026-05-15,Pt 09:45 - 12:15 (3g.),CS gr 1 Zajęcia zdalne okazjonalne,CS gr 1 Zajęcia zdalne okazjonalne,CS gr 1 Zajęcia zdalne okazjonalne,CS gr 1 Zajęcia zdalne okazjonalne
215,2026-05-18,Pn 11:30 - 13:00 (2g.),Foreign Language I,lektorat,,Wybierz swoją grupę językową
216,2026-05-18,Pn 13:15 - 15:45 (3g.),Computer Programming 2,ćwiczenia,dr Katarzyna Wójcik,"Paw.A 013 lab. Win10, Office21"
217,2026-05-18,Pn 13:15 - 15:45 (3g.),CS gr 1,CS gr 1,CS gr 1,CS gr 1
218,2026-05-18,Pn 18:30 - 20:00 (2g.),,lektorat,,Wybierz swoją grupę językową
219,2026-05-19,Wt 09:45 - 11:15 (2g.),Probability and Statistics,wykład,prof. dr hab. Andrzej Sokołowski,Paw.F 008
220,2026-05-19,Wt 11:30 - 13:00 (2g.),Foreign Language I,lektorat,,Wybierz swoją grupę językową
221,2026-05-19,Wt 13:15 - 14:45 (2g.),Probability and Statistics,Przeniesienie zajęć,prof. dr hab. Andrzej Sokołowski,
222,2026-05-19,Wt 13:15 - 14:45 (2g.),Zajęcia przeniesione na 09.06.2026r.,Zajęcia przeniesione na 09.06.2026r.,Zajęcia przeniesione na 09.06.2026r.,Zajęcia przeniesione na 09.06.2026r.
223,2026-05-19,Wt 15:00 - 16:30 (2g.),Discrete mathematics,wykład,dr Grzegorz Kosiorowski,Rakowicka 16 sala 11
224,2026-05-19,Wt 18:30 - 20:00 (2g.),Business Law,wykład,dr Jacek Lachner,Rakowicka 16 sala 11
225,2026-05-20,Śr 11:30 - 13:00 (2g.),Foreign Language I,lektorat,,Wybierz swoją grupę językową
226,2026-05-20,Śr 13:15 - 14:45 (2g.),Operating Systems and Computer Networks,ćwiczenia,prof. UEK dr hab. Joanna Wyrobek,Paw.A 014 lab. Win8.1 Office21
227,2026-05-20,Śr 13:15 - 14:45 (2g.),CS gr 1,CS gr 1,CS gr 1,CS gr 1
228,2026-05-20,Śr 15:00 - 16:30 (2g.),Discrete mathematics,ćwiczenia,dr Igor Sikora,Paw.U sala N
229,2026-05-20,Śr 15:00 - 16:30 (2g.),CS gr 1,CS gr 1,CS gr 1,CS gr 1
230,2026-05-21,Cz 08:00 - 09:30 (2g.),Operating Systems and Computer Networks,wykład,prof. UEK dr hab. Joanna Wyrobek,Paw.F 008
231,2026-05-21,Cz 09:45 - 11:15 (2g.),Information Systems,Przeniesienie zajęć,dr Agnieszka Niklewicz,
232,2026-05-21,Cz 09:45 - 11:15 (2g.),CS gr 1 Zajęcia przeniesione na godz. 16:45,CS gr 1 Zajęcia przeniesione na godz. 16:45,CS gr 1 Zajęcia przeniesione na godz. 16:45,CS gr 1 Zajęcia przeniesione na godz. 16:45
233,2026-05-21,Cz 11:30 - 13:00 (2g.),Foreign Language I,lektorat,,Wybierz swoją grupę językową
234,2026-05-21,Cz 13:15 - 14:45 (2g.),Discrete mathematics,ćwiczenia,dr Igor Sikora,Paw.B 052 (KSB)
235,2026-05-21,Cz 13:15 - 14:45 (2g.),CS gr 1,CS gr 1,CS gr 1,CS gr 1
236,2026-05-21,Cz 15:00 - 16:30 (2g.),Operating Systems and Computer Networks,ćwiczenia,prof. UEK dr hab. Joanna Wyrobek,"Paw.A 07 lab. Win7, Office21"
237,2026-05-21,Cz 15:00 - 16:30 (2g.),CS gr 1,CS gr 1,CS gr 1,CS gr 1
238,2026-05-21,Cz 16:45 - 18:15 (2g.),Information Systems,ćwiczenia,mgr inż. Justyna Olczak,Bibl.425
239,2026-05-21,Cz 16:45 - 18:15 (2g.),CS gr 1,CS gr 1,CS gr 1,CS gr 1
240,2026-05-25,Pn 09:45 - 11:15 (2g.),Computer Programming 2,wykład,dr Katarzyna Wójcik,Paw.F 008
241,2026-05-25,Pn 11:30 - 13:00 (2g.),Foreign Language I,lektorat,,Wybierz swoją grupę językową
242,2026-05-25,Pn 13:15 - 15:45 (3g.),Computer Programming 2,ćwiczenia,dr Katarzyna Wójcik,"Paw.A 013 lab. Win10, Office21"
243,2026-05-25,Pn 13:15 - 15:45 (3g.),CS gr 1,CS gr 1,CS gr 1,CS gr 1
244,2026-05-25,Pn 18:30 - 20:00 (2g.),,lektorat,,Wybierz swoją grupę językową
245,2026-05-26,Wt 09:45 - 11:15 (2g.),Probability and Statistics,wykład,prof. dr hab. Andrzej Sokołowski,Paw.F 008
246,2026-05-26,Wt 11:30 - 13:00 (2g.),Foreign Language I,lektorat,,Wybierz swoją grupę językową
247,2026-05-26,Wt 18:30 - 20:00 (2g.),Business Law,wykład,dr Jacek Lachner,Rakowicka 16 sala 11
248,2026-05-27,Śr 11:30 - 13:00 (2g.),Foreign Language I,lektorat,,Wybierz swoją grupę językową
249,2026-05-27,Śr 13:15 - 14:45 (2g.),Information Systems,wykład,prof. UEK dr hab. Mariusz Grabowski,Paw.F 008
250,2026-05-27,Śr 15:00 - 16:30 (2g.),Discrete mathematics,ćwiczenia,dr Igor Sikora,Paw.U sala N
251,2026-05-27,Śr 15:00 - 16:30 (2g.),CS gr 1,CS gr 1,CS gr 1,CS gr 1
252,2026-06-01,Pn 11:30 - 13:00 (2g.),Foreign Language I,lektorat,,Wybierz swoją grupę językową
253,2026-06-01,Pn 13:15 - 15:45 (3g.),Computer Programming 2,ćwiczenia,dr Katarzyna Wójcik,"Paw.A 013 lab. Win10, Office21"
254,2026-06-01,Pn 13:15 - 15:45 (3g.),CS gr 1,CS gr 1,CS gr 1,CS gr 1
255,2026-06-01,Pn 18:30 - 20:00 (2g.),,lektorat,,Wybierz swoją grupę językową
256,2026-06-02,Wt 09:45 - 11:15 (2g.),Probability and Statistics,wykład,prof. dr hab. Andrzej Sokołowski,Paw.F 008
257,2026-06-02,Wt 11:30 - 13:00 (2g.),Foreign Language I,lektorat,,Wybierz swoją grupę językową
258,2026-06-02,Wt 13:15 - 14:45 (2g.),Probability and Statistics,ćwiczenia,prof. dr hab. Andrzej Sokołowski,"Paw.A 07 lab. Win7, Office21"
259,2026-06-02,Wt 13:15 - 14:45 (2g.),CS gr 1,CS gr 1,CS gr 1,CS gr 1
260,2026-06-02,Wt 15:00 - 16:30 (2g.),Discrete mathematics,Przeniesienie zajęć,dr Grzegorz Kosiorowski,
261,2026-06-02,Wt 15:00 - 16:30 (2g.),Zajęcia przeniesione na 03.03.2026r.,Zajęcia przeniesione na 03.03.2026r.,Zajęcia przeniesione na 03.03.2026r.,Zajęcia przeniesione na 03.03.2026r.
262,2026-06-02,Wt 15:00 - 15:45 (1g.),Discrete mathematics,wykład,dr Grzegorz Kosiorowski,Rakowicka 16 sala 11
263,2026-06-02,Wt 16:45 - 18:15 (2g.),Probability and Statistics,wykład,prof. dr hab. Andrzej Sokołowski,Paw.B 251
264,2026-06-02,Wt 18:30 - 20:00 (2g.),Business Law,wykład,dr Jacek Lachner,Rakowicka 16 sala 11
265,2026-06-03,Śr 11:30 - 13:00 (2g.),Foreign Language I,lektorat,,Wybierz swoją grupę językową
266,2026-06-03,Śr 13:15 - 14:45 (2g.),Operating Systems and Computer Networks,ćwiczenia,prof. UEK dr hab. Joanna Wyrobek,Paw.A 014 lab. Win8.1 Office21
267,2026-06-03,Śr 13:15 - 14:45 (2g.),CS gr 1,CS gr 1,CS gr 1,CS gr 1
268,2026-06-03,Śr 15:00 - 16:30 (2g.),Discrete mathematics,ćwiczenia,dr Igor Sikora,Paw.U sala N
269,2026-06-03,Śr 15:00 - 16:30 (2g.),CS gr 1,CS gr 1,CS gr 1,CS gr 1
270,2026-06-08,Pn 09:45 - 10:30 (1g.),Computer Programming 2,wykład,dr Katarzyna Wójcik,Paw.F 008
271,2026-06-08,Pn 11:30 - 13:00 (2g.),Foreign Language I,lektorat,,Wybierz swoją grupę językową
272,2026-06-08,Pn 13:15 - 15:45 (3g.),Computer Programming 2,ćwiczenia,dr Katarzyna Wójcik,"Paw.A 013 lab. Win10, Office21"
273,2026-06-08,Pn 13:15 - 15:45 (3g.),CS gr 1,CS gr 1,CS gr 1,CS gr 1
274,2026-06-08,Pn 18:30 - 20:00 (2g.),,lektorat,,Wybierz swoją grupę językową
275,2026-06-09,Wt 08:00 - 09:30 (2g.),Probability and Statistics,ćwiczenia,prof. dr hab. Andrzej Sokołowski,"Paw.A 013 lab. Win10, Office21"
276,2026-06-09,Wt 08:00 - 09:30 (2g.),CS gr 1,CS gr 1,CS gr 1,CS gr 1
277,2026-06-09,Wt 09:45 - 11:15 (2g.),Probability and Statistics,wykład,prof. dr hab. Andrzej Sokołowski,Paw.F 008
278,2026-06-09,Wt 11:30 - 13:00 (2g.),Foreign Language I,lektorat,,Wybierz swoją grupę językową
279,2026-06-09,Wt 14:00 - 14:45 (1g.),Probability and Statistics,ćwiczenia,prof. dr hab. Andrzej Sokołowski,"Paw.A 07 lab. Win7, Office21"
280,2026-06-09,Wt 14:00 - 14:45 (1g.),CS gr 1,CS gr 1,CS gr 1,CS gr 1
281,2026-06-09,Wt 15:00 - 15:45 (1g.),Operating Systems and Computer Networks,wykład,prof. UEK dr hab. Joanna Wyrobek,Paw.B 151
282,2026-06-09,Wt 15:45 - 16:30 (1g.),Information Systems,Przeniesienie zajęć,dr Agnieszka Niklewicz,
283,2026-06-09,Wt 15:45 - 16:30 (1g.),CS gr 1 Zajęcia przeniesione na 11.06.2026r.,CS gr 1 Zajęcia przeniesione na 11.06.2026r.,CS gr 1 Zajęcia przeniesione na 11.06.2026r.,CS gr 1 Zajęcia przeniesione na 11.06.2026r.
284,2026-06-09,Wt 18:30 - 20:00 (2g.),Business Law,wykład,dr Jacek Lachner,Rakowicka 16 sala 11
285,2026-06-10,Śr 11:30 - 13:00 (2g.),Foreign Language I,lektorat,,Wybierz swoją grupę językową
286,2026-06-10,Śr 13:15 - 14:00 (1g.),Information Systems,wykład,prof. UEK dr hab. Mariusz Grabowski,Paw.F 008
287,2026-06-10,Śr 15:00 - 15:45 (1g.),Discrete mathematics,Przeniesienie zajęć,dr Grzegorz Kosiorowski,
288,2026-06-10,Śr 15:00 - 15:45 (1g.),Zajęcia przeniesione na 02.06.2026r,Zajęcia przeniesione na 02.06.2026r,Zajęcia przeniesione na 02.06.2026r,Zajęcia przeniesione na 02.06.2026r
289,2026-06-11,Cz 11:30 - 13:00 (2g.),Foreign Language I,lektorat,,Wybierz swoją grupę językową
290,2026-06-11,Cz 15:00 - 16:30 (2g.),Operating Systems and Computer Networks,ćwiczenia,prof. UEK dr hab. Joanna Wyrobek,"Paw.A 07 lab. Win7, Office21"
291,2026-06-11,Cz 15:00 - 16:30 (2g.),CS gr 1,CS gr 1,CS gr 1,CS gr 1
292,2026-06-11,Cz 16:45 - 17:30 (1g.),Information Systems,ćwiczenia,mgr inż. Justyna Olczak,Bibl.425
293,2026-06-11,Cz 16:45 - 17:30 (1g.),CS gr 1,CS gr 1,CS gr 1,CS gr 1
294,2026-06-11,Cz 18:30 - 20:00 (2g.),Operating Systems and Computer Networks,ćwiczenia,prof. UEK dr hab. Joanna Wyrobek,"Paw.A 07 lab. Win7, Office21"
295,2026-06-11,Cz 18:30 - 20:00 (2g.),CS gr 1,CS gr 1,CS gr 1,CS gr 1
296,2026-06-17,Śr 10:30 - 13:00 (3g.),Discrete mathematics,egzamin,dr Grzegorz Kosiorowski,Paw.C Nowa Aula
297,2026-09-03,Cz 10:30 - 13:00 (3g.),Discrete mathematics,egzamin,dr Grzegorz Kosiorowski,Paw.F 102
